iteration,mean_score,best_score_so_far,epsilon_inf,target_db,l2_norm,linf_norm,drums,bass,vocals,other
0,14.419783246800979,inf,0.002,-35.0,1.0379675627626317,0.0016527622627477154,15.841439816269105,14.562880983742444,16.676162004454746,10.59865018273762
1,14.472920620948763,14.419783246800979,0.002,-35.0,1.0379675627626317,0.0016531607208497246,15.767144878570562,14.682333819220046,16.673884412492068,10.768319373512368
2,14.444203227396343,14.419783246800979,0.002,-35.0,1.0379675627626315,0.0016530119672192318,15.73136522459089,14.742760497534086,16.677029581527062,10.625657605933338
3,14.316474829097489,14.419783246800979,0.002,-35.0,1.0379675627626315,0.001653204956321147,15.798576908932578,14.51939228355269,16.429475707447892,10.5184544164568
4,14.457805125711104,14.316474829097489,0.002,-35.0,1.0379675627626315,0.0016532481300825812,15.837961689397588,14.897926444834644,16.39375774557038,10.701574623041807
5,14.44519194748636,14.316474829097489,0.002,-35.0,1.0379675627626315,0.0016530434442242707,15.762755410738812,14.882363576647949,16.571554646084774,10.564094156473914
6,14.531469899788794,14.316474829097489,0.002,-35.0,1.037967562762631,0.0016536692156774878,15.844428251721798,14.863296718825433,16.656561182768243,10.761593445839702
7,14.380629177278623,14.316474829097489,0.002,-35.0,1.0379675627626312,0.001653374577761619,15.7163237365662,14.531984032391131,16.61349586540255,10.660713074754604
8,14.333541982827267,14.316474829097489,0.002,-35.0,1.0379675627626317,0.001652779047418771,15.69997805072985,14.465284343311401,16.525387332501822,10.643518204766
9,14.372796223398176,14.316474829097489,0.002,-35.0,1.0379675627626317,0.001652821902029142,15.885123645435385,14.483062513690069,16.533342980340336,10.589655754126905
10,14.440464951889263,14.316474829097489,0.002,-35.0,1.0379675627626317,0.0016530633284423722,15.89557614509307,14.569824054385435,16.649464659263717,10.646994948814829
11,14.472468293614481,14.316474829097489,0.002,-35.0,1.0379675627626315,0.0016531089201919026,15.878746606795952,14.853225159520928,16.493570974981356,10.664330433159682
12,14.498429271311593,14.316474829097489,0.002,-35.0,1.0379675627626315,0.001652822547286036,15.823954389796866,14.855144370472814,16.695772862659354,10.61884546231734
13,14.451761415328113,14.316474829097489,0.002,-35.0,1.0379675627626326,0.0016524371092474601,15.949835715030835,14.851115282902562,16.40148008491077,10.604614578468277
14,14.462114324167057,14.316474829097489,0.002,-35.0,1.0379675627626315,0.0016530986344497696,15.912565883837537,14.750218952635095,16.409524671255603,10.776147788939992
15,14.460438127840296,14.316474829097489,0.002,-35.0,1.0379675627626308,0.0016533342809023559,15.663421095344772,14.759888446090976,16.6760421032905,10.742400866634938
16,14.402284748756902,14.316474829097489,0.002,-35.0,1.037967562762632,0.0016527112146431397,15.890424870795343,14.540492677959131,16.660634913749725,10.517586532523408
17,14.42820371301675,14.316474829097489,0.002,-35.0,1.0379675627626317,0.0016534774084128903,15.725747947736178,14.60586629284758,16.60034153034636,10.78085908113688
18,14.341084563151965,14.316474829097489,0.002,-35.0,1.0379675627626317,0.0016535242857292378,15.825958542978114,14.432175468411254,16.499521153123595,10.606683088094897
19,14.48644606342225,14.316474829097489,0.002,-35.0,1.037967562762632,0.001653470325969038,15.760521370430865,14.89311007006116,16.65255681344466,10.639595999752313
20,14.396128712618015,14.316474829097489,0.002,-35.0,1.0379675627626324,0.0016525769687249726,15.76812455620966,14.476579553685825,16.717282772384827,10.622527968191745
21,14.379046313147217,14.316474829097489,0.002,-35.0,1.0379675627626312,0.0016536910222440485,15.926652021765184,14.52067341286561,16.495746411981568,10.573113405976507
22,14.414948454290453,14.316474829097489,0.002,-35.0,1.0379675627626312,0.0016522684295427407,15.776236214773066,14.701058088959352,16.58581200503939,10.596687508390005
23,14.300909574667399,14.316474829097489,0.002,-35.0,1.0379675627626312,0.0016535440357712788,15.791565432663418,14.318752928181299,16.478333452881042,10.614986484943834
24,14.43563673906599,14.300909574667399,0.002,-35.0,1.0379675627626315,0.0016529983928727616,15.844499058202597,14.717684028401004,16.57664782698371,10.603716042676647
25,14.398907200141151,14.300909574667399,0.002,-35.0,1.0379675627626315,0.0016525087929174888,15.936622687637772,14.61229463051583,16.52224881688886,10.524462665522144
26,14.421095182481457,14.300909574667399,0.002,-35.0,1.0379675627626321,0.0016532645512630285,15.838372545314112,14.844013170250939,16.400419810631423,10.601575203729352
27,14.419129276274543,14.300909574667399,0.002,-35.0,1.0379675627626317,0.0016526252755391377,15.902969553775842,14.760426675411939,16.44560375024545,10.567517125664933
28,14.32087005883658,14.300909574667399,0.002,-35.0,1.037967562762632,0.0016523393676710011,15.723438162215519,14.300431478305383,16.74465120709499,10.514959387730432
29,14.299690325624326,14.300909574667399,0.002,-35.0,1.0379675627626312,0.001653366894871371,15.696617585229326,14.399501221605474,16.625663014924736,10.476979480737768
30,14.400481796580785,14.299690325624326,0.002,-35.0,1.037967562762631,0.00165296383831545,15.905189918797205,14.542297871153675,16.60512519449089,10.549314201881376
31,14.418590385396264,14.299690325624326,0.002,-35.0,1.0379675627626321,0.0016526925641453824,15.72086604566288,14.899112188769084,16.550790481411475,10.503592825741624
32,14.322412732032092,14.299690325624326,0.002,-35.0,1.0379675627626317,0.0016525979621436907,15.726710873587164,14.468559475237335,16.62328206220953,10.471098517094335
33,14.375165118635161,14.299690325624326,0.002,-35.0,1.0379675627626312,0.0016526779519232427,15.635428510090554,14.74078913704486,16.58969724738383,10.534745580021402
34,14.510420186457313,14.299690325624326,0.002,-35.0,1.0379675627626317,0.0016531542656666284,15.833946301900644,14.817355873602773,16.659251241619966,10.731127328705865
35,14.46065927082142,14.299690325624326,0.002,-35.0,1.0379675627626321,0.0016528976567321218,15.744360551797312,14.818738402992974,16.739314961386615,10.540223167108778
36,14.423285999895194,14.299690325624326,0.002,-35.0,1.0379675627626315,0.0016531130432679774,15.760768588149256,14.708426347955626,16.640562432219774,10.583386631256117
37,14.379221841687155,14.299690325624326,0.002,-35.0,1.037967562762632,0.0016535428036484467,15.787914372119479,14.600100095809314,16.50695814326765,10.621914755552186
38,14.442795311799037,14.299690325624326,0.002,-35.0,1.0379675627626317,0.0016531699858721583,15.828530188205455,14.77162081348147,16.55251423202222,10.618516013487005
39,14.353299383769514,14.299690325624326,0.002,-35.0,1.0379675627626315,0.0016524943391503792,15.777864586912548,14.433421929496346,16.65598993594558,10.545921082723583
40,14.411854544764635,14.299690325624326,0.002,-35.0,1.037967562762632,0.0016531978259777223,15.80339390717347,14.437479674599047,16.72327361861008,10.683270978675942
41,14.449513498435754,14.299690325624326,0.002,-35.0,1.0379675627626317,0.0016532718662219345,15.733321867981914,14.806847678049406,16.68440238880436,10.573482058907336
42,14.45250934194446,14.299690325624326,0.002,-35.0,1.0379675627626312,0.0016527533105669462,15.780207885618614,14.727436094334443,16.696928355045078,10.605465032779708
43,14.302650174854604,14.299690325624326,0.002,-35.0,1.0379675627626315,0.0016531131377492609,15.790329504845523,14.521898483727455,16.405657000447896,10.492715710397539
44,14.438836357337191,14.299690325624326,0.002,-35.0,1.0379675627626324,0.0016535716293200184,15.628716125720608,14.887098270025204,16.62874440242239,10.610786631180561
45,14.467039887358284,14.299690325624326,0.002,-35.0,1.0379675627626317,0.0016526776117861926,15.824573027806217,14.810468923711692,16.568990830331824,10.664126767583406
46,14.277085834457582,14.299690325624326,0.002,-35.0,1.0379675627626324,0.0016528165974781938,15.717982115218328,14.546790600458834,16.290352092952908,10.553218529200258
47,14.33511485504426,14.277085834457582,0.002,-35.0,1.0379675627626312,0.0016528177260742376,15.929167986579433,14.561658058164742,16.49453344959027,10.355099925842596
48,14.319613663550157,14.277085834457582,0.002,-35.0,1.0379675627626315,0.0016535066055596034,15.66508595672024,14.505933861140822,16.487149008641545,10.620285827698028
49,14.38234005214074,14.277085834457582,0.002,-35.0,1.0379675627626312,0.0016531986707183234,15.774256946215106,14.530785491835712,16.606490878353707,10.617826892158435
50,14.40141240792935,14.277085834457582,0.002,-35.0,1.0379675627626312,0.0016531340523864102,15.851452653275514,14.591756034642255,16.53729085165554,10.625150092144093
51,14.388863753492295,14.277085834457582,0.002,-35.0,1.0379675627626321,0.0016533220069619681,15.758265827033899,14.658461822735582,16.57945502343675,10.559272340762945
52,14.408237031009728,14.277085834457582,0.002,-35.0,1.0379675627626324,0.0016540611348057237,15.898140499725368,14.722394451805457,16.469521359552918,10.542891812955169
53,14.440282214506205,14.277085834457582,0.002,-35.0,1.0379675627626317,0.001653435377140483,15.883477427245234,14.657786664177179,16.5862803788373,10.633584387765104
54,14.422609531626133,14.277085834457582,0.002,-35.0,1.0379675627626315,0.0016535106202760466,15.785626464991337,14.707894266025608,16.508079634289345,10.688837761198245
55,14.469958581061425,14.277085834457582,0.002,-35.0,1.0379675627626312,0.0016525991518847843,15.887852974309906,14.719516948230876,16.484407095812955,10.788057305891959
56,14.445492384370063,14.277085834457582,0.002,-35.0,1.0379675627626315,0.001652764331349654,15.710730097136322,14.794127299311697,16.60934350498902,10.667768636043213
57,14.39825972369993,14.277085834457582,0.002,-35.0,1.0379675627626315,0.0016530553383895179,15.753526951051423,14.597932493980274,16.583645202032336,10.657934247735685
58,14.401017444035396,14.277085834457582,0.002,-35.0,1.037967562762631,0.001653121368781221,15.775587891253965,14.572166289515833,16.64799011417415,10.608325481197639
59,14.448927139351824,14.277085834457582,0.002,-35.0,1.0379675627626326,0.0016529707404952388,15.809920594724879,14.943354863928851,16.60366719643746,10.43876590231611
60,14.520957387145646,14.277085834457582,0.002,-35.0,1.037967562762631,0.001653735019678236,15.841262068075983,14.885268188457243,16.590051181232397,10.767248110816961
61,14.430464970855233,14.277085834457582,0.002,-35.0,1.0379675627626317,0.0016532981802870167,15.642829601502305,14.787517359518935,16.685346740986894,10.606166181412803
62,14.41412459783487,14.277085834457582,0.002,-35.0,1.037967562762631,0.0016528570619837703,15.8872956714125,14.60299241817738,16.559896277963944,10.606314023785654
63,14.353939307300033,14.277085834457582,0.002,-35.0,1.0379675627626324,0.0016526237802730053,15.674983543519396,14.594413511227751,16.52295073575147,10.623409438701524
64,14.435305548359555,14.277085834457582,0.002,-35.0,1.0379675627626321,0.0016536530567361916,15.715499262441227,14.55742737502905,16.739075027325708,10.729220528642234
65,14.43275100070175,14.277085834457582,0.002,-35.0,1.0379675627626315,0.0016533678412726889,15.799771596876736,14.703715379228829,16.654759605900455,10.572757420800981
66,14.409962112763141,14.277085834457582,0.002,-35.0,1.0379675627626317,0.0016527682303593184,15.823726114535573,14.624023378393849,16.563194687537077,10.628904270586068
67,14.4873103789252,14.277085834457582,0.002,-35.0,1.037967562762632,0.0016525590346568692,15.866487093514992,14.747806959388527,16.73940373845188,10.595543724345399
68,14.410687805415924,14.277085834457582,0.002,-35.0,1.0379675627626315,0.0016526722708239399,15.89347284306667,14.555294854652969,16.631347233803744,10.562636290140313
69,14.31348906617265,14.277085834457582,0.002,-35.0,1.037967562762632,0.0016532035678556301,15.696976243459595,14.54614170265081,16.441093875399986,10.569744443180213
70,14.343775383982642,14.277085834457582,0.002,-35.0,1.0379675627626321,0.0016533978743149282,15.708143288836483,14.420604234330515,16.590300800002755,10.656053212760813
71,14.415450421176047,14.277085834457582,0.002,-35.0,1.0379675627626321,0.0016524889294113553,15.725128154232856,14.982108030151807,16.40000936405517,10.554556136264353
72,14.365076052169323,14.277085834457582,0.002,-35.0,1.0379675627626308,0.0016529226995635484,15.893117770718778,14.579859540570105,16.44314795947406,10.544178937914346
73,14.338578349186768,14.277085834457582,0.002,-35.0,1.037967562762631,0.0016531952604658963,15.799630026598006,14.414259495619646,16.475531260977323,10.664892613552102
74,14.38014049513111,14.277085834457582,0.002,-35.0,1.0379675627626317,0.0016531850161150621,15.941803131339116,14.564359933917856,16.49092360788299,10.523475307384482
75,14.42952940593725,14.277085834457582,0.002,-35.0,1.037967562762631,0.0016530806274000136,15.823362924999511,14.517972003776858,16.70613919255439,10.670643502418246
76,14.339680960346634,14.277085834457582,0.002,-35.0,1.0379675627626321,0.0016526087479209347,15.742662387848807,14.436009058166091,16.6580793210972,10.52197307427444
77,14.440179656735637,14.277085834457582,0.002,-35.0,1.0379675627626317,0.001652089494969609,15.723606466835372,14.720366399468938,16.598098637714855,10.718647122923382
78,14.405579183435202,14.277085834457582,0.002,-35.0,1.0379675627626321,0.0016530976959311995,15.8223310248664,14.722090554985236,16.60960969024514,10.468285463644031
79,14.43983630258835,14.277085834457582,0.002,-35.0,1.0379675627626315,0.0016529041040943967,15.952086152153921,14.61518799393224,16.553606902903326,10.638464161363917
80,14.311973390020103,14.277085834457582,0.002,-35.0,1.0379675627626328,0.0016533307223253785,15.804304787086135,14.43081999911297,16.40171317398083,10.611055599900482
81,14.446002447229597,14.277085834457582,0.002,-35.0,1.0379675627626312,0.0016534589512420992,15.639095746542257,15.068088962736736,16.33780451611492,10.739020563524477
82,14.32844248766348,14.277085834457582,0.002,-35.0,1.037967562762632,0.0016524704013018614,15.620147609290255,14.588904776021705,16.597976999820617,10.506740565521337
83,14.466108129720082,14.277085834457582,0.002,-35.0,1.0379675627626317,0.0016526503454897528,15.910815969551496,14.788596417211025,16.61058358658402,10.554436545533783
84,14.444585803166607,14.277085834457582,0.002,-35.0,1.0379675627626315,0.0016535167671086425,15.878222481772102,14.615717038447938,16.58157026496828,10.702833427478115
85,14.451679536693307,14.277085834457582,0.002,-35.0,1.0379675627626315,0.0016529801465149647,15.748412335750825,14.961861265468098,16.636238036599224,10.460206508955082
86,14.479663700817953,14.277085834457582,0.002,-35.0,1.0379675627626315,0.001653459887561831,15.79548187387812,14.950998837870962,16.659785388814115,10.512388702708613
87,14.425810298262299,14.277085834457582,0.002,-35.0,1.0379675627626317,0.0016532564934164027,15.89264579731205,14.597070447429589,16.610169847026953,10.603355101280602
88,14.327621164306228,14.277085834457582,0.002,-35.0,1.0379675627626324,0.0016529617856166753,15.70282903169219,14.628804420369908,16.463449836189174,10.515401368973636
89,14.346830189261677,14.277085834457582,0.002,-35.0,1.0379675627626321,0.0016530172497880473,15.720904659730923,14.435543436248643,16.599926612854464,10.630946048212682
90,14.336662994835525,14.277085834457582,0.002,-35.0,1.0379675627626317,0.0016533469885859611,15.747747503263113,14.671684058306155,16.359212850721455,10.568007567051376
91,14.39451384637344,14.277085834457582,0.002,-35.0,1.0379675627626312,0.001652588955981398,15.649719552028388,14.698836815201046,16.65578043896364,10.57371857930069
92,14.386445430577144,14.277085834457582,0.002,-35.0,1.0379675627626317,0.0016535081523049403,15.791376065685146,14.670176941343781,16.434707434373557,10.649521280906095
93,14.466498351629177,14.277085834457582,0.002,-35.0,1.037967562762631,0.0016525815789915242,15.770946056133377,14.922307885217762,16.672106106360246,10.50063335880532
94,14.378914455255357,14.277085834457582,0.002,-35.0,1.0379675627626315,0.0016532485987731536,15.898365248127368,14.652797009971364,16.404027970359635,10.560467592563063
95,14.467756680179518,14.277085834457582,0.002,-35.0,1.0379675627626312,0.0016529272288707349,15.821260844415567,14.841228345785296,16.598550238073884,10.60998729244332
96,14.440196999443465,14.277085834457582,0.002,-35.0,1.0379675627626317,0.0016526020091564707,15.619401492877033,14.863805391205279,16.602871990448826,10.674709123242724
97,14.412756765562836,14.277085834457582,0.002,-35.0,1.0379675627626317,0.0016535317969540713,15.907002243002381,14.485874587364659,16.68946810526977,10.56868212661453
98,14.387186168053088,14.277085834457582,0.002,-35.0,1.0379675627626317,0.0016527136242669525,15.812634792042065,14.636381375404824,16.500865643596466,10.598862861168994
99,14.378253043570913,14.277085834457582,0.002,-35.0,1.037967562762632,0.0016531262113830378,15.774961170852148,14.574113679806416,16.477357119273066,10.686580204352019
100,14.32002561198794,14.277085834457582,0.002,-35.0,1.0379675627626312,0.0016531224050319476,15.638908111402445,14.570641802977367,16.590144732680667,10.480407800891287
101,14.466566956506716,14.277085834457582,0.002,-35.0,1.0379675627626317,0.0016539279107043786,15.861958094764518,14.780555477062954,16.723290415409522,10.500463838789871
102,14.384836762104277,14.277085834457582,0.002,-35.0,1.037967562762632,0.0016532969426847784,15.744103185959363,14.672414346449349,16.612257524587264,10.510571991421129
103,14.374706606765498,14.277085834457582,0.002,-35.0,1.0379675627626312,0.00165326132260028,15.638394945299726,14.767810399015396,16.537963189620022,10.55465789312685
104,14.31977650898482,14.277085834457582,0.002,-35.0,1.0379675627626317,0.001653223433269219,15.670862634509625,14.317635886002552,16.70063430916091,10.589973206266196
105,14.389582546240003,14.277085834457582,0.002,-35.0,1.0379675627626315,0.0016530593585799406,15.907098105373615,14.608419340474414,16.610469903210394,10.43234283590159
106,14.342148260206198,14.277085834457582,0.002,-35.0,1.0379675627626317,0.0016530056227016957,15.787750014108974,14.416962940601442,16.616117775614807,10.547762310499563
107,14.468729193664817,14.277085834457582,0.002,-35.0,1.0379675627626312,0.0016525990586939044,15.791395813199832,14.863273498759598,16.63681065832692,10.58343680437292
108,14.446398481130656,14.277085834457582,0.002,-35.0,1.0379675627626315,0.0016527869744622093,15.834498699163797,14.690754231623195,16.713286912038054,10.547054081697574
109,14.445639267372137,14.277085834457582,0.002,-35.0,1.0379675627626324,0.0016525435984928235,15.92765483430243,14.662989337617717,16.607242227473087,10.584670670095312
110,14.434040089434752,14.277085834457582,0.002,-35.0,1.0379675627626324,0.0016530309113053248,15.73723329070109,14.773979456620381,16.58891262837319,10.63603498204435
111,14.399682959645212,14.277085834457582,0.002,-35.0,1.0379675627626321,0.00165318740548649,15.803713560789653,14.68972079461686,16.52378417392524,10.581513309249093
112,14.393891618883629,14.277085834457582,0.002,-35.0,1.0379675627626315,0.001653100870194043,15.682707485289386,14.665624593859047,16.613595878787,10.613638517599089
113,14.364135100548697,14.277085834457582,0.002,-35.0,1.0379675627626321,0.0016531337837085457,15.876394938039235,14.457820716799734,16.59244854572558,10.529876201630234
114,14.390626129858902,14.277085834457582,0.002,-35.0,1.0379675627626321,0.0016532101999682032,15.79807892946612,14.69878551938288,16.415627905568904,10.650012165017696
115,14.365511298234566,14.277085834457582,0.002,-35.0,1.0379675627626312,0.001653171243034278,15.746604599870105,14.567865863358394,16.661774884317325,10.485799845392433
116,14.391391639926251,14.277085834457582,0.002,-35.0,1.0379675627626315,0.00165319939246376,15.814415015818845,14.352903585929205,16.62386061239508,10.77438734556188
117,14.442701367175477,14.277085834457582,0.002,-35.0,1.037967562762632,0.0016527324179072703,15.750125513115755,14.771810698076592,16.690947015917075,10.557922241592486
118,14.410454825717926,14.277085834457582,0.002,-35.0,1.0379675627626308,0.0016526395563132353,15.834681620526274,14.697841773973648,16.49540651679476,10.613889391577024
119,14.461040507601592,14.277085834457582,0.002,-35.0,1.0379675627626315,0.0016528423719031717,15.834717556977633,14.761123356056498,16.752911869292205,10.495409248080028
120,14.455762207636024,14.277085834457582,0.002,-35.0,1.0379675627626324,0.0016528019352953763,15.824399827699848,14.61420139991865,16.753205745540125,10.631241857385476
121,14.406479189019738,14.277085834457582,0.002,-35.0,1.0379675627626324,0.0016532598055731184,15.774772971115961,14.819791358421943,16.327560613565637,10.703791812975409
122,14.294482097082884,14.277085834457582,0.002,-35.0,1.0379675627626312,0.001653040338514227,15.849774906491676,14.479976442398934,16.468001712137713,10.380175327303217
123,14.421584707732444,14.277085834457582,0.002,-35.0,1.037967562762632,0.0016534414936131485,15.823308045472848,14.574735709908797,16.51432868626408,10.773966389284055
124,14.508175317852999,14.277085834457582,0.002,-35.0,1.0379675627626321,0.0016532125076603025,15.93208544937784,14.847070437884993,16.606806862411485,10.64673852173767
125,14.316300796708655,14.277085834457582,0.002,-35.0,1.0379675627626315,0.001653360174431295,15.561721854428122,14.520595686443796,16.54613286780385,10.63675277815885
126,14.389672997528287,14.277085834457582,0.002,-35.0,1.0379675627626315,0.0016529301803185979,15.82287408569568,14.499468734972453,16.567867613311613,10.668481556133397
127,14.420863407959098,14.277085834457582,0.002,-35.0,1.037967562762632,0.0016537494440009035,15.972759414253634,14.43993682514537,16.591918433578318,10.67883895885907
128,14.389105648046154,14.277085834457582,0.002,-35.0,1.037967562762632,0.0016535132455124182,15.7901139533705,14.524483640609414,16.628318525240523,10.613506472964177
129,14.37693351593828,14.277085834457582,0.002,-35.0,1.0379675627626312,0.001652983960462865,15.662133790953238,14.739854115010116,16.563844736608928,10.541901421180842
130,14.405566954225975,14.277085834457582,0.002,-35.0,1.0379675627626324,0.0016533517050610694,15.762394608768492,14.588068475002252,16.666660108320727,10.605144624812421
131,14.437138329328553,14.277085834457582,0.002,-35.0,1.0379675627626312,0.0016538842143276398,15.896690278796518,14.752873114666885,16.6063655121986,10.492624411652208
132,14.349558855883744,14.277085834457582,0.002,-35.0,1.0379675627626315,0.0016531763294822034,15.705220268414354,14.491262894175554,16.64249340788147,10.559258853063605
133,14.40074380776036,14.277085834457582,0.002,-35.0,1.037967562762632,0.0016535290548778414,15.799655626350715,14.569491693940815,16.593525993093024,10.640301917656886
134,14.468214234611787,14.277085834457582,0.002,-35.0,1.0379675627626315,0.001652847746160034,15.842218852013973,14.769950458588006,16.57706183415176,10.683625793693414
135,14.348862494716638,14.277085834457582,0.002,-35.0,1.0379675627626317,0.0016532413202914099,15.787631527841752,14.469383684773883,16.49469229166342,10.643742474587494
136,14.411349979649167,14.277085834457582,0.002,-35.0,1.0379675627626317,0.0016529238903115993,15.82371777197887,14.676225921220839,16.58340361879197,10.562052606604986
137,14.440938193875901,14.277085834457582,0.002,-35.0,1.0379675627626321,0.001652828366933149,15.793384411738376,14.71868578257154,16.58002998269914,10.671652598494546
138,14.403839713318867,14.277085834457582,0.002,-35.0,1.0379675627626312,0.0016528643953931733,15.92364694339647,14.396200332589975,16.669328683734413,10.626182893554606
139,14.477590357024923,14.277085834457582,0.002,-35.0,1.0379675627626321,0.0016529553671632991,15.872461689392777,14.823986822608322,16.584769244245535,10.629143671853056
140,14.440718437093034,14.277085834457582,0.002,-35.0,1.0379675627626315,0.001653520043931587,15.935812114786685,14.561087064192815,16.676119009595816,10.589855559796826
141,14.40072843100718,14.277085834457582,0.002,-35.0,1.0379675627626312,0.0016528331724572725,15.58830244127755,14.701315516868444,16.667855723859272,10.645440042023445
142,14.39803858032801,14.277085834457582,0.002,-35.0,1.0379675627626324,0.0016532493667918862,15.890743730349058,14.477918426422978,16.60583447975309,10.61765768478691
143,14.48190242969882,14.277085834457582,0.002,-35.0,1.0379675627626312,0.001652949610867176,15.948648716375132,14.677442265343634,16.58103708491589,10.72048165216062
144,14.382050536977825,14.277085834457582,0.002,-35.0,1.0379675627626317,0.0016527221371093962,15.813520137902831,14.667337851305824,16.383434003492575,10.663910155210079
145,14.380457183205525,14.277085834457582,0.002,-35.0,1.037967562762632,0.0016523909440189636,15.732101239912824,14.816060615858543,16.485140132047537,10.4885267450032
146,14.437456837615569,14.277085834457582,0.002,-35.0,1.0379675627626321,0.00165336121797023,15.857239590108284,14.747047516605893,16.578907004929732,10.566633238818367
147,14.324768881352481,14.277085834457582,0.002,-35.0,1.0379675627626315,0.0016527753027951212,15.710295670892592,14.385236499544941,16.564119471123583,10.639423883848815
148,14.47286584309588,14.277085834457582,0.002,-35.0,1.0379675627626312,0.0016524607771081408,15.812626827416189,15.021090444742892,16.445425307732975,10.612320792491467
149,14.368846534620287,14.277085834457582,0.002,-35.0,1.0379675627626317,0.001652936057840893,15.742962537965933,14.639699804032576,16.607331097912787,10.485392698569848
150,14.476860628330886,14.277085834457582,0.002,-35.0,1.0379675627626317,0.0016531818332337937,15.743623661454292,14.848800148202217,16.649650826735936,10.6653678769311
151,14.409475554247505,14.277085834457582,0.002,-35.0,1.0379675627626317,0.0016528083428738573,15.774233839578272,14.704956566063299,16.692087428010804,10.466624383337646
152,14.347887657529395,14.277085834457582,0.002,-35.0,1.037967562762632,0.0016531568173149946,15.725757365960234,14.509429486861993,16.606649318589213,10.549714458706136
153,14.444822318187612,14.277085834457582,0.002,-35.0,1.0379675627626315,0.001652791968536508,15.877369453031747,14.746738563851089,16.515188020230013,10.639993235637593
154,14.462003150992768,14.277085834457582,0.002,-35.0,1.037967562762632,0.0016527780875894044,15.794761908994921,14.734328734719867,16.745846930159317,10.573075030096964
155,14.388161802010472,14.277085834457582,0.002,-35.0,1.0379675627626315,0.001653132952389136,15.794943618345,14.568110494065373,16.62422296758958,10.565370128041938
156,14.3342770329901,14.277085834457582,0.002,-35.0,1.0379675627626317,0.0016532509866158784,15.7440803725608,14.411277352666708,16.61022863250786,10.571521774225026
157,14.43469144886283,14.277085834457582,0.002,-35.0,1.0379675627626315,0.0016534908046484426,15.95242812351892,14.768876124371356,16.378323443492697,10.639138104068342
158,14.44395274568911,14.277085834457582,0.002,-35.0,1.0379675627626315,0.0016527788390852689,15.831558481185654,14.566811252095988,16.732098725243844,10.645342524230951
159,14.478265777230613,14.277085834457582,0.002,-35.0,1.0379675627626315,0.001653792036683203,15.858460665238098,14.77936005003906,16.654750311271613,10.620492082373682
160,14.394117317685868,14.277085834457582,0.002,-35.0,1.0379675627626317,0.001652933477854591,15.830291995727661,14.572225698314604,16.532653173183547,10.641298403517661
161,14.349209732648909,14.277085834457582,0.002,-35.0,1.0379675627626312,0.0016525890463996414,15.860646147821617,14.545166864342201,16.34276341234842,10.648262506083402
162,14.516582935516753,14.277085834457582,0.002,-35.0,1.0379675627626315,0.0016531756800637271,15.70760297720619,14.85121962094186,16.700781487120974,10.806727656797996
163,14.4400934903678,14.277085834457582,0.002,-35.0,1.0379675627626317,0.0016532618764138797,15.899036772037762,14.558035898600208,16.698458671944937,10.604842618888302
164,14.392753704075293,14.277085834457582,0.002,-35.0,1.0379675627626315,0.0016524616646888092,15.827757239033987,14.566233136605776,16.59445778747893,10.582566653182482
165,14.463810898427392,14.277085834457582,0.002,-35.0,1.037967562762632,0.0016529827948735078,15.915866324796845,14.755543165735977,16.477889077998302,10.705945025178444
166,14.452707368730927,14.277085834457582,0.002,-35.0,1.037967562762632,0.0016530435623065003,15.679318394381545,14.820034974992454,16.691281922759156,10.620194182790557
167,14.369200704498784,14.277085834457582,0.002,-35.0,1.0379675627626312,0.0016534098734173113,15.87831145334038,14.489169961350381,16.464876910639422,10.644444492664949
168,14.384936846596519,14.277085834457582,0.002,-35.0,1.0379675627626321,0.001653378559951649,15.752670794904475,14.66472796020213,16.586288296716575,10.536060334562896
169,14.406176500449368,14.277085834457582,0.002,-35.0,1.0379675627626315,0.001653220985780037,15.819508931315768,14.59284759992859,16.43728022112724,10.775069249425878
170,14.426977501097339,14.277085834457582,0.002,-35.0,1.0379675627626315,0.0016528219214216088,15.813033862855313,14.643631407761031,16.521967935615294,10.729276798157722
171,14.300772126464134,14.277085834457582,0.002,-35.0,1.0379675627626315,0.001653296683943682,15.705347586565942,14.647489323390436,16.348973996927324,10.501277598972827
172,14.431847686550684,14.277085834457582,0.002,-35.0,1.0379675627626315,0.001652818456295544,15.854325853067897,14.542619686137318,16.704324706331686,10.62612050066584
173,14.464560166270655,14.277085834457582,0.002,-35.0,1.0379675627626312,0.001652452769220776,15.925436443790302,14.831160181343698,16.554959162315942,10.546684877632671
174,14.460747422728058,14.277085834457582,0.002,-35.0,1.0379675627626317,0.0016527775049093951,15.792268753728324,14.956557781453082,16.554086298587862,10.540076857142964
175,14.37847740840981,14.277085834457582,0.002,-35.0,1.0379675627626317,0.0016539416082709793,15.749339836169106,14.690231932751015,16.50799023973292,10.566347624986198
176,14.449290918079585,14.277085834457582,0.002,-35.0,1.0379675627626317,0.001653009852618792,15.828636676601384,14.600821321702469,16.648400326023516,10.719305347990973
177,14.426041251628103,14.277085834457582,0.002,-35.0,1.0379675627626317,0.0016522487668475454,15.770946001620645,14.745954278614732,16.589743971590753,10.59752075468629
178,14.459359882022763,14.277085834457582,0.002,-35.0,1.037967562762632,0.0016525489370419737,15.679618370780304,14.7887362896829,16.70280309940054,10.666281768227309
179,14.425721483034659,14.277085834457582,0.002,-35.0,1.0379675627626308,0.0016533883379852767,15.696095104603188,14.809569425367819,16.56556470451406,10.631656697653566
180,14.433918547496566,14.277085834457582,0.002,-35.0,1.0379675627626315,0.0016532714009351351,15.793345228558177,14.637623765900944,16.61076301597563,10.693942179551513
181,14.34794890610018,14.277085834457582,0.002,-35.0,1.0379675627626315,0.0016528782229367498,15.803853790691958,14.849378958842303,16.22585924764948,10.51270362721698
182,14.332300715667587,14.277085834457582,0.002,-35.0,1.0379675627626317,0.0016536521658494826,15.759877722362269,14.441348860999824,16.68475459994347,10.44322167936479
183,14.388949188525942,14.277085834457582,0.002,-35.0,1.0379675627626317,0.001652999818712932,15.857476491730129,14.669100451338469,16.549746507340053,10.479473303695112
184,14.38256238363132,14.277085834457582,0.002,-35.0,1.0379675627626315,0.001652248646772223,15.837481208061961,14.585654487409752,16.560611877747043,10.546501961306529
185,14.38655432263922,14.277085834457582,0.002,-35.0,1.0379675627626317,0.0016534258754236522,15.603016338380314,14.801858132784803,16.62164856978844,10.51969424960333
186,14.339377096209967,14.277085834457582,0.002,-35.0,1.037967562762631,0.0016527087503657395,15.970360591268113,14.490647109787183,16.319349504156104,10.577151179628464
187,14.382398036385728,14.277085834457582,0.002,-35.0,1.0379675627626315,0.001653628231262085,15.8670715136444,14.770976998555595,16.435220590211664,10.456323043131258
188,14.330486543033157,14.277085834457582,0.002,-35.0,1.0379675627626312,0.0016537920534196236,15.701706787758887,14.629131017149504,16.401758818739914,10.589349548484318
189,14.467937653992223,14.277085834457582,0.002,-35.0,1.0379675627626321,0.0016532110574541577,15.67455095684604,14.84258293803257,16.55103384831201,10.80358287277827
190,14.355960788197912,14.277085834457582,0.002,-35.0,1.037967562762632,0.0016538579316358948,15.879260632997262,14.560197585716887,16.51307378518479,10.47131114889271
191,14.290136170641881,14.277085834457582,0.002,-35.0,1.0379675627626321,0.00165278000503165,15.825989977582871,14.333150925519666,16.28112268795014,10.720281091514844
192,14.443507838614675,14.277085834457582,0.002,-35.0,1.0379675627626308,0.0016529896362820879,15.820824192264618,14.73828113420009,16.658812024503728,10.556114003490269
193,14.375140385416987,14.277085834457582,0.002,-35.0,1.0379675627626321,0.0016526248753953275,15.809038139525004,14.655115062643286,16.518415144452543,10.517993195047108
194,14.327311066338908,14.277085834457582,0.002,-35.0,1.037967562762632,0.0016528633101622,15.770599781632306,14.46623481655465,16.68098466985113,10.391424997317543
195,14.352099030344174,14.277085834457582,0.002,-35.0,1.0379675627626315,0.0016526398279624506,15.87536704326212,14.836798196223867,16.11055440445636,10.585676477434344
196,14.43958581207525,14.277085834457582,0.002,-35.0,1.0379675627626317,0.0016526418766695144,15.974218828442655,14.54017830136599,16.586208198340405,10.65773792015195
197,14.45202825969796,14.277085834457582,0.002,-35.0,1.037967562762631,0.0016522622501943085,15.81943331873154,14.578862758396205,16.646369683405986,10.763447278258107
198,14.323776026818617,14.277085834457582,0.002,-35.0,1.0379675627626317,0.0016529032264731053,15.657844826412244,14.49037339645568,16.54934012248074,10.597545761925797
199,14.418810622270236,14.277085834457582,0.002,-35.0,1.0379675627626315,0.0016533488201671957,15.882713871549802,14.523399146801125,16.62963071091265,10.63949875981736
200,14.399381046751856,14.277085834457582,0.002,-35.0,1.0379675627626317,0.0016531230545015771,15.885447239604984,14.553247814320127,16.65984434333768,10.498984789744629
201,14.458020975336831,14.277085834457582,0.002,-35.0,1.0379675627626321,0.0016534745432132485,15.925580404245128,14.570130153340276,16.536616229139266,10.79975711462266
202,14.473225279262373,14.277085834457582,0.002,-35.0,1.0379675627626317,0.0016531306408025235,15.94825562745334,14.760516163903501,16.563135364110817,10.62099396158183
203,14.33262608513157,14.277085834457582,0.002,-35.0,1.0379675627626317,0.001653597189942891,15.635606326536506,14.645722025602922,16.492195054700666,10.55698093368619
204,14.439649977748935,14.277085834457582,0.002,-35.0,1.0379675627626317,0.0016527153026487703,15.76973645130949,14.79723320654204,16.725468302992503,10.466161950151704
205,14.374054884122943,14.277085834457582,0.002,-35.0,1.037967562762632,0.0016529012970927484,15.916076389095114,14.432686695349,16.664688846906873,10.482767605140786
206,14.416300829515082,14.277085834457582,0.002,-35.0,1.037967562762632,0.0016539182022524692,15.734060465826547,14.651021719004655,16.6569071129981,10.623214020231023
207,14.433947711750914,14.277085834457582,0.002,-35.0,1.0379675627626321,0.0016527715724317053,15.773123300019414,14.678645837198806,16.62547660888125,10.658545100904181
208,14.362998438928898,14.277085834457582,0.002,-35.0,1.0379675627626312,0.0016530110541036489,15.7644258037815,14.49284027994007,16.640580353960377,10.554147318033644
209,14.44369252018446,14.277085834457582,0.002,-35.0,1.037967562762631,0.0016533341862548507,15.851315890985862,14.636614328079741,16.70068922733246,10.586150634339772
210,14.319762324764248,14.277085834457582,0.002,-35.0,1.0379675627626317,0.0016533617424876793,15.685318297195487,14.494109044312905,16.62786156666105,10.471760390887557
211,14.327522932655338,14.277085834457582,0.002,-35.0,1.037967562762632,0.0016528379401250118,15.687325365276312,14.434863862865976,16.530943330830183,10.656959171648879
212,14.412236818317654,14.277085834457582,0.002,-35.0,1.0379675627626317,0.0016531479450210536,15.777019388225757,14.607458920834214,16.65459539279015,10.609873571420495
213,14.501497590160104,14.277085834457582,0.002,-35.0,1.0379675627626315,0.0016535344403913845,15.927128187801973,14.947761174067997,16.661357998143796,10.469743000626655
214,14.424506235102374,14.277085834457582,0.002,-35.0,1.0379675627626324,0.0016535612827367062,15.755776578014554,14.645034945835054,16.679201329477323,10.618012087082564
215,14.31281260235713,14.277085834457582,0.002,-35.0,1.0379675627626315,0.0016529715001382694,15.61101310553755,14.590042220630734,16.39285015263048,10.657344930629765
216,14.364173370773305,14.277085834457582,0.002,-35.0,1.0379675627626317,0.0016522798208251387,15.853123205821483,14.369297045713749,16.632805683150753,10.601467548407232
217,14.324069918191094,14.277085834457582,0.002,-35.0,1.0379675627626312,0.0016529680694093178,15.807664120213243,14.403699956085045,16.528851365085288,10.556064231380804
218,14.484605541777437,14.277085834457582,0.002,-35.0,1.0379675627626321,0.0016528291071767685,15.870957671763776,14.822060728512803,16.708308986460857,10.537094780372316
219,14.519951486526178,14.277085834457582,0.002,-35.0,1.0379675627626317,0.0016529283010852072,15.8521050310308,14.853582378765763,16.621495007332207,10.752623528975946
220,14.324187048117185,14.277085834457582,0.002,-35.0,1.0379675627626315,0.0016533094560760495,15.716262552733044,14.488410738958686,16.61567915291565,10.476395747861364
221,14.44742408051269,14.277085834457582,0.002,-35.0,1.0379675627626317,0.0016539833434184002,15.87604009212109,14.6849079318791,16.66656855144397,10.562179746606603
222,14.419707482629535,14.277085834457582,0.002,-35.0,1.037967562762631,0.001652766155832631,15.84908802289176,14.922238859022723,16.40406757824667,10.503435470356983
223,14.361671712343634,14.277085834457582,0.002,-35.0,1.0379675627626317,0.001652608968968519,15.877237498154221,14.514396395794199,16.50572193728251,10.549331018143612
224,14.380751249703819,14.277085834457582,0.002,-35.0,1.0379675627626315,0.0016535827374047386,15.87575570035418,14.553294615406992,16.606435647802687,10.487519035251418
225,14.495367033762466,14.277085834457582,0.002,-35.0,1.0379675627626312,0.0016525004263118542,15.829904881861438,14.87320013359154,16.719383622901763,10.55897949669513
226,14.34751944846414,14.277085834457582,0.002,-35.0,1.0379675627626324,0.0016534698170338497,15.87626237099568,14.403835155293471,16.65376534272665,10.456214924840769
227,14.522706824682807,14.277085834457582,0.002,-35.0,1.0379675627626321,0.0016528175119732676,15.783093550141961,14.966723033796356,16.64850243588012,10.69250827891279
228,14.441439907435583,14.277085834457582,0.002,-35.0,1.0379675627626312,0.0016523816976939769,15.799957014557867,14.728075433703612,16.669853374942157,10.567873806538696
229,14.420990772137245,14.277085834457582,0.002,-35.0,1.037967562762632,0.001652862815358239,16.096727745926955,14.634530020706073,16.451883848289864,10.500821473626091
230,14.462227425733776,14.277085834457582,0.002,-35.0,1.0379675627626312,0.0016533650871161758,15.93697457075756,14.575538700784938,16.703225456140974,10.633170975251629
231,14.432917263081023,14.277085834457582,0.002,-35.0,1.0379675627626317,0.0016529062742000136,15.728773006060742,14.590888235312393,16.692176521533394,10.719831289417572
232,14.402138814584859,14.277085834457582,0.002,-35.0,1.0379675627626312,0.0016534849623979302,15.903760227714319,14.557853031064248,16.512268766235618,10.634673233325255
233,14.468020544697689,14.277085834457582,0.002,-35.0,1.0379675627626315,0.0016537297991643482,15.75844693457007,14.9214459103237,16.562601502293187,10.629587831603791
234,14.39527922522927,14.277085834457582,0.002,-35.0,1.037967562762631,0.0016532725853029195,15.823436805561576,14.592936827193814,16.64596622027189,10.518777047889795
235,14.503535931115112,14.277085834457582,0.002,-35.0,1.0379675627626315,0.0016532707970061515,15.81737038159584,14.824193184655545,16.64462664557908,10.727953512629979
236,14.395305965223688,14.277085834457582,0.002,-35.0,1.0379675627626315,0.0016524070728863136,15.785224721072034,14.531000032094859,16.695553997762243,10.569445109965613
237,14.386976946551156,14.277085834457582,0.002,-35.0,1.0379675627626317,0.0016533939998129676,15.772226590410664,14.636205581067179,16.611312484008728,10.528163130718054
238,14.393468943735629,14.277085834457582,0.002,-35.0,1.0379675627626315,0.0016534847784529392,15.835842380181596,14.426366850966218,16.668722810367548,10.642943733427153
239,14.459855281284106,14.277085834457582,0.002,-35.0,1.0379675627626317,0.001653039989227973,15.901024826042228,14.623465361682904,16.57186221618682,10.743068721224473
240,14.43082604174522,14.277085834457582,0.002,-35.0,1.0379675627626315,0.0016531102464743066,15.794512246616138,14.863858643860855,16.48428638248,10.580646894023888
241,14.47992542517419,14.277085834457582,0.002,-35.0,1.037967562762632,0.0016519287759709277,15.974327754372098,14.751305327452807,16.50591472471777,10.688153894154095
242,14.515368134725986,14.277085834457582,0.002,-35.0,1.0379675627626315,0.0016534554082458328,15.836898655619944,15.003863093910905,16.640382778554905,10.580328010818192
243,14.38072673803555,14.277085834457582,0.002,-35.0,1.0379675627626317,0.001653059449428245,15.878575922854827,14.586264585396801,16.491838876988126,10.56622756690245
244,14.439546963680488,14.277085834457582,0.002,-35.0,1.0379675627626317,0.0016534301386932904,15.804144390216685,14.75128197185402,16.64272295904244,10.560038533608806
245,14.385243161005642,14.277085834457582,0.002,-35.0,1.0379675627626321,0.0016528128513556995,15.775652323975963,14.633956541408306,16.604559378099975,10.526804400538316
246,14.441502314549282,14.277085834457582,0.002,-35.0,1.0379675627626317,0.0016535389351267347,15.77877703854749,14.783654641960174,16.631810684066735,10.571766893622728
247,14.418735205924001,14.277085834457582,0.002,-35.0,1.0379675627626315,0.0016533299428297436,15.822095546088095,14.470476500316547,16.803361006095678,10.57900777119568
248,14.401922361724822,14.277085834457582,0.002,-35.0,1.037967562762632,0.0016529404402649433,15.813521065611429,14.708034886540892,16.43858248169538,10.647551013051585
249,14.369367179259461,14.277085834457582,0.002,-35.0,1.0379675627626317,0.0016539393186983042,15.756947418879648,14.533570768488579,16.591884655934383,10.595065873735232
250,14.415520867597316,14.277085834457582,0.002,-35.0,1.0379675627626317,0.0016529842440885878,15.895981038098554,14.6659406713488,16.405413243132315,10.694748517809591
251,14.499404626316508,14.277085834457582,0.002,-35.0,1.037967562762632,0.0016529675498896657,15.922260719106166,14.773397953994735,16.617194356731947,10.684765475433185
252,14.471540305827046,14.277085834457582,0.002,-35.0,1.0379675627626317,0.0016524122839242667,15.769899343805697,14.915715707721525,16.56733687945284,10.633209292328127
253,14.362366721865568,14.277085834457582,0.002,-35.0,1.0379675627626324,0.001652927957903908,15.679837247776096,14.598966428776198,16.600071281535634,10.570591929374347
254,14.337475455936053,14.277085834457582,0.002,-35.0,1.0379675627626317,0.0016538576038430046,15.81019804818856,14.440364164010923,16.627305910749897,10.472033700794832
255,14.401020780325215,14.277085834457582,0.002,-35.0,1.037967562762632,0.0016526888657867438,15.899394767778153,14.399590565321057,16.65583466376916,10.649263124432496
256,14.42745989033611,14.277085834457582,0.002,-35.0,1.0379675627626324,0.0016530236747102347,15.804350349566231,14.731393661653964,16.63856568137792,10.535529868746323
257,14.438500608803649,14.277085834457582,0.002,-35.0,1.037967562762631,0.0016532314516308644,15.7196540230247,14.722166608264853,16.778489168432266,10.533692635492777
258,14.313660747932811,14.277085834457582,0.002,-35.0,1.037967562762632,0.0016535586399427072,15.723511344391788,14.389915379170741,16.53177568322389,10.609440584944819
259,14.404036420105408,14.277085834457582,0.002,-35.0,1.0379675627626315,0.0016529306371788656,15.863393265442475,14.372947533637154,16.73940288034663,10.64040200099537
260,14.360862808349577,14.277085834457582,0.002,-35.0,1.0379675627626321,0.001653587876806885,15.87316341714506,14.497498844020248,16.427154966539675,10.645634005693324
261,14.396049339844721,14.277085834457582,0.002,-35.0,1.0379675627626315,0.0016528027673094034,15.833910600077461,14.52354726125817,16.628545833159848,10.598193664883402
262,14.475240406083104,14.277085834457582,0.002,-35.0,1.037967562762632,0.0016531857595923568,15.938832094546001,14.751699002075306,16.70245259030765,10.50797793740346
263,14.455390334703191,14.277085834457582,0.002,-35.0,1.0379675627626315,0.0016533602512238256,15.848386111647471,14.657475667944546,16.64040122378828,10.675298335432467
264,14.437021040691874,14.277085834457582,0.002,-35.0,1.037967562762632,0.001652811049709936,15.854328247763405,14.757574996588993,16.528265253574535,10.607915664840565
265,14.38431923512685,14.277085834457582,0.002,-35.0,1.0379675627626312,0.0016530528231507263,15.784696551884133,14.72837351846518,16.54878331901496,10.475423551143127
266,14.444075382220714,14.277085834457582,0.002,-35.0,1.0379675627626315,0.0016525211541552319,15.787683548885317,14.793498855334244,16.652871823222107,10.542247301441188
267,14.371458851754241,14.277085834457582,0.002,-35.0,1.0379675627626321,0.0016531798799556262,15.700487516665822,14.57212559949586,16.637554159524356,10.575668131330932
268,14.388803485835465,14.277085834457582,0.002,-35.0,1.0379675627626312,0.0016530012249128382,15.801642435293868,14.542403742551294,16.59278284821402,10.618384917282677
269,14.421099635228652,14.277085834457582,0.002,-35.0,1.037967562762631,0.0016527753903900844,15.8103247436627,14.73951050110679,16.580854235435975,10.553709060709144
270,14.395821011019287,14.277085834457582,0.002,-35.0,1.0379675627626317,0.0016526428952571839,15.788132745780068,14.480280916188216,16.640527793571938,10.674342588536927
271,14.416450693745496,14.277085834457582,0.002,-35.0,1.0379675627626324,0.0016527795725115753,15.773213598784631,14.611399338178964,16.699355457449084,10.581834380569306
272,14.463393090601087,14.277085834457582,0.002,-35.0,1.0379675627626315,0.0016533156726786186,15.896918785831398,14.711529323298944,16.66099030263914,10.584133950634861
273,14.343164637412798,14.277085834457582,0.002,-35.0,1.037967562762631,0.001652927209821214,15.919209319357654,14.424123762071336,16.570991554342847,10.458333913879358
274,14.422532773117137,14.277085834457582,0.002,-35.0,1.0379675627626312,0.0016527435957467398,15.834408489296907,14.688192004002525,16.547395057413027,10.620135541756088
275,14.359475047656739,14.277085834457582,0.002,-35.0,1.037967562762632,0.001653047922977082,15.753444112634686,14.694439637329365,16.39909661429863,10.590919826364276
276,14.386483960842954,14.277085834457582,0.002,-35.0,1.0379675627626317,0.0016527647088649057,15.773376234543319,14.610965042296725,16.469661504127245,10.691933062404525
277,14.335119884363504,14.277085834457582,0.002,-35.0,1.037967562762632,0.0016529417083678208,15.656195003707857,14.590711153097086,16.62390803532957,10.469665345319498
278,14.4431816920862,14.277085834457582,0.002,-35.0,1.0379675627626317,0.00165324667403311,15.8496304264418,14.87214521978653,16.530892142393547,10.520058979722924
279,14.383536326947675,14.277085834457582,0.002,-35.0,1.037967562762632,0.001652822769402267,15.861206506610639,14.47321469534255,16.606264679982235,10.59345942585528
280,14.490098889406852,14.277085834457582,0.002,-35.0,1.037967562762632,0.0016532425976222241,15.921730170311102,14.620799990798035,16.655471030572762,10.762394365945514
281,14.33011391671459,14.277085834457582,0.002,-35.0,1.0379675627626324,0.0016531465940050586,15.760328631535907,14.5665514082756,16.50688327402801,10.486692353018848
282,14.353324745214374,14.277085834457582,0.002,-35.0,1.037967562762632,0.0016523689530050006,15.637520854333484,14.538320751708824,16.548454252703113,10.689003122112076
283,14.358913103756443,14.277085834457582,0.002,-35.0,1.0379675627626317,0.0016526048913618416,15.770113539295501,14.570422762687148,16.39359477514302,10.701521337900102
284,14.452073069357615,14.277085834457582,0.002,-35.0,1.0379675627626324,0.0016531949495820638,15.851853457870854,14.750866587609668,16.509795015258707,10.695777216691232
285,14.507557050409996,14.277085834457582,0.002,-35.0,1.0379675627626315,0.001652349149710417,15.826822553309299,14.947480116583725,16.57117984104058,10.68474569070638
286,14.413308450879942,14.277085834457582,0.002,-35.0,1.0379675627626317,0.0016534510166680827,15.904113360501523,14.57338748019156,16.660544315206042,10.515188647620647
287,14.388583126039693,14.277085834457582,0.002,-35.0,1.0379675627626315,0.0016533305277609336,15.823461264621587,14.681703315291466,16.54261069561301,10.506557228632706
288,14.442922653024864,14.277085834457582,0.002,-35.0,1.0379675627626317,0.0016523854712374654,15.81951600181926,14.601117152539555,16.72357479459058,10.627482663150063
289,14.412165456209717,14.277085834457582,0.002,-35.0,1.0379675627626315,0.0016531311327224435,15.677348145810928,14.719304143398096,16.5347935580854,10.717215977544445
290,14.407736475134524,14.277085834457582,0.002,-35.0,1.037967562762631,0.0016527171854978841,15.734915355077714,14.980439021553922,16.434858188598835,10.48073333530762
291,14.35495219891229,14.277085834457582,0.002,-35.0,1.037967562762632,0.0016529698889137404,15.834226046943522,14.473582622690259,16.50338255680512,10.60861756921026
292,14.359765936734206,14.277085834457582,0.002,-35.0,1.0379675627626315,0.0016528030102779627,15.686845806629174,14.731569616671017,16.381857057330908,10.638791266305727
293,14.435232149490423,14.277085834457582,0.002,-35.0,1.0379675627626317,0.0016532053714206935,15.783639035540547,14.790906067283231,16.638395977614678,10.527987517523234
294,14.449692210265582,14.277085834457582,0.002,-35.0,1.037967562762631,0.0016525778521841188,15.884154589122412,14.66793536973285,16.517466237252144,10.729212644954924
295,14.351774438607872,14.277085834457582,0.002,-35.0,1.0379675627626315,0.0016535674645013257,15.776345591575073,14.69027309496382,16.526500136156255,10.413978931736334
296,14.405197818370903,14.277085834457582,0.002,-35.0,1.0379675627626317,0.0016532403404222087,15.937863689786104,14.540935309049551,16.522520210855106,10.619472063792847
297,14.361086325379251,14.277085834457582,0.002,-35.0,1.037967562762632,0.001653215878904117,15.792908455430416,14.409188564537123,16.60357232667667,10.638675954872793
298,14.353741054548145,14.277085834457582,0.002,-35.0,1.0379675627626312,0.0016529445457786319,15.764311910666535,14.356909063723732,16.68483495531518,10.608908288487129
299,14.354854860888604,14.277085834457582,0.002,-35.0,1.037967562762632,0.0016527906009047508,15.875330064426787,14.419088192542617,16.520118020485285,10.604883166099725
300,14.43732629406733,14.277085834457582,0.002,-35.0,1.0379675627626321,0.0016527945748150649,15.771744521594949,14.914365328677729,16.64252380009699,10.420671525899651
301,14.353892562470083,14.277085834457582,0.002,-35.0,1.037967562762631,0.001652621976818636,15.603708751133983,14.54010215346937,16.585079985466272,10.686679359810709
302,14.353407536027559,14.277085834457582,0.002,-35.0,1.0379675627626326,0.0016529757939825844,15.6771823138639,14.544570190816746,16.618646917178573,10.573230722251017
303,14.222914175528084,14.277085834457582,0.002,-35.0,1.037967562762631,0.0016529568508204045,15.637807251547395,14.577331040195643,16.343650360447054,10.332868049922245
304,14.333687970594028,14.222914175528084,0.002,-35.0,1.0379675627626321,0.0016524748910390474,15.728464971589277,14.587611805295477,16.415114328295033,10.603560777196321
305,14.529476764316103,14.222914175528084,0.002,-35.0,1.0379675627626315,0.0016527887194870388,15.824677783146702,14.918065392613515,16.648086635028406,10.727077246475787
306,14.35705298403656,14.222914175528084,0.002,-35.0,1.0379675627626315,0.0016532902844812794,15.805138086852715,14.478045375772991,16.513190141783348,10.631838331737189
307,14.333352414699394,14.222914175528084,0.002,-35.0,1.0379675627626317,0.0016525942802260362,15.73448217173795,14.446970562360228,16.658736128382014,10.493220796317388
308,14.435709675913786,14.222914175528084,0.002,-35.0,1.037967562762632,0.0016534265860546904,15.842397425768564,14.648149316163842,16.503449508897887,10.748842452824853
309,14.341926334481157,14.222914175528084,0.002,-35.0,1.0379675627626321,0.0016524367241647535,15.7632191188466,14.569799293259283,16.487810357486637,10.546876568332104
310,14.363203504496166,14.222914175528084,0.002,-35.0,1.037967562762632,0.001653653909033099,15.738215472543923,14.68085381252091,16.4580128045313,10.575731928388532
311,14.437617459498892,14.222914175528084,0.002,-35.0,1.0379675627626315,0.0016530123620341678,15.880935907147894,14.542541393716439,16.63454639858995,10.692446138541289
312,14.476379556988238,14.222914175528084,0.002,-35.0,1.037967562762632,0.0016527336546185004,15.741939142261108,14.91581059746466,16.616506864945013,10.63126162328217
313,14.383035421556503,14.222914175528084,0.002,-35.0,1.0379675627626317,0.0016536616342984096,15.850785982933058,14.589274664369814,16.62118780258148,10.470893236341656
314,14.487621665884435,14.222914175528084,0.002,-35.0,1.0379675627626321,0.00165274700387724,15.792695455360278,15.087662761918047,16.445892636167194,10.624235810092223
315,14.341568113141719,14.222914175528084,0.002,-35.0,1.0379675627626321,0.0016529323002373354,15.939709879956244,14.526063178028735,16.38144717312236,10.519052221459535
316,14.26144260061675,14.222914175528084,0.002,-35.0,1.0379675627626315,0.0016536478215242274,15.78408416441443,14.670493471209085,16.00150045587036,10.589692310973122
317,14.441269068685855,14.222914175528084,0.002,-35.0,1.0379675627626315,0.0016540005133574827,15.824501838512528,14.730465789857787,16.614248305771902,10.595860340601208
318,14.407507176633004,14.222914175528084,0.002,-35.0,1.0379675627626315,0.0016517538386521132,15.891245262351525,14.504789757836535,16.518150054457315,10.71584363188664
319,14.458859948041953,14.222914175528084,0.002,-35.0,1.0379675627626312,0.0016528512886289954,15.911940232991075,14.71781740879901,16.52554766368925,10.680134486688479
320,14.42045515653245,14.222914175528084,0.002,-35.0,1.037967562762632,0.0016536863313619953,15.839664528772067,14.48581324577158,16.68903056151371,10.66731229007244
321,14.438301689144806,14.222914175528084,0.002,-35.0,1.037967562762632,0.001653435972437171,15.790679403695759,14.722767194941346,16.630509570066884,10.609250587875236
322,14.436966995083145,14.222914175528084,0.002,-35.0,1.0379675627626312,0.0016526285960550024,15.880099253392642,14.780291601024581,16.46136945190878,10.626107674006576
323,14.293954724848529,14.222914175528084,0.002,-35.0,1.0379675627626315,0.0016532592920676904,15.898291196531673,14.441436458411273,16.368982090151107,10.467109154300065
324,14.501233122828367,14.222914175528084,0.002,-35.0,1.0379675627626317,0.001652713149924774,15.918750167500509,14.88687638129238,16.62429268406252,10.575013258458057
325,14.451862452752962,14.222914175528084,0.002,-35.0,1.0379675627626317,0.0016534503768135238,15.878119349805036,14.720504667998007,16.504709054326046,10.704116738882762
326,14.365228052119466,14.222914175528084,0.002,-35.0,1.0379675627626317,0.0016535341394136687,15.787892796177562,14.584695719570124,16.546203327481606,10.542120365248573
327,14.372691419507678,14.222914175528084,0.002,-35.0,1.037967562762632,0.0016527354291266507,15.726631729755844,14.498144303613476,16.632139145308013,10.633850499353382
328,14.442592276395688,14.222914175528084,0.002,-35.0,1.0379675627626312,0.0016535942780125268,15.852535343976818,14.711933690795167,16.658215370804932,10.547684700005838
329,14.491335464682082,14.222914175528084,0.002,-35.0,1.0379675627626321,0.0016527478323674872,15.911187629911144,14.849306764270883,16.613609317174795,10.591238147371508
330,14.378119410494065,14.222914175528084,0.002,-35.0,1.0379675627626315,0.0016524446468883756,15.882700592225753,14.466626597380236,16.588746373489773,10.574404078880507
331,14.4176600525027,14.222914175528084,0.002,-35.0,1.037967562762632,0.0016527821580845615,15.845088064887928,14.738232490822737,16.74008018678832,10.347239467511818
332,14.330206005416702,14.222914175528084,0.002,-35.0,1.0379675627626317,0.001652550474116512,15.755384164730213,14.495480843883549,16.581004409753415,10.488954603299634
333,14.576831209201172,14.222914175528084,0.002,-35.0,1.0379675627626317,0.0016530123040914238,15.736294602440593,15.14042889602805,16.697958357244225,10.732642981091821
334,14.406700076018188,14.222914175528084,0.002,-35.0,1.0379675627626312,0.0016534022293386477,15.716396251359438,14.711404349933908,16.632078540040666,10.566921162738744
335,14.375378433011925,14.222914175528084,0.002,-35.0,1.037967562762632,0.00165342809451255,15.928851911973556,14.553674283126814,16.509375901667912,10.509611635279416
336,14.368364005076307,14.222914175528084,0.002,-35.0,1.0379675627626312,0.0016527018191822406,15.765250102922073,14.728016097492965,16.500600604090383,10.479589215799814
337,14.46161377055712,14.222914175528084,0.002,-35.0,1.0379675627626321,0.0016532619364284492,15.890031434375231,14.848260137915036,16.52983899483696,10.57832451510125
338,14.346699926155438,14.222914175528084,0.002,-35.0,1.037967562762631,0.0016531253622982132,15.744381130719015,14.490627564853316,16.60936591030501,10.542425098744413
339,14.443307980448887,14.222914175528084,0.002,-35.0,1.0379675627626324,0.0016536629794697915,15.785946719193598,14.985940696389655,16.55841507721183,10.442929429000463
340,14.385280131551305,14.222914175528084,0.002,-35.0,1.0379675627626312,0.0016532629355466627,15.827629781055814,14.661998039554083,16.319836781627103,10.731655923968221
341,14.396969817078858,14.222914175528084,0.002,-35.0,1.0379675627626317,0.0016531637669481433,15.800719752134082,14.716329278227247,16.4993009957987,10.571529242155405
342,14.456171350664402,14.222914175528084,0.002,-35.0,1.0379675627626317,0.0016530985524436902,15.702275605629923,14.878728088461207,16.538459618071922,10.705222090494555
343,14.4131419193669,14.222914175528084,0.002,-35.0,1.0379675627626317,0.0016532233285751013,15.694998196088111,14.931349374741686,16.54739606913612,10.478824037501683
344,14.404039229770067,14.222914175528084,0.002,-35.0,1.0379675627626312,0.0016530393215087682,15.697769804930841,14.649152162715115,16.652505017588062,10.616729933846255
345,14.370873451057173,14.222914175528084,0.002,-35.0,1.0379675627626317,0.001653609910900642,15.805832976239689,14.442842282721822,16.586804795223376,10.64801375004381
346,14.351924270562966,14.222914175528084,0.002,-35.0,1.037967562762632,0.0016525518291195915,15.787462949110544,14.462619456244742,16.462336398323625,10.69527827857295
347,14.475282426144005,14.222914175528084,0.002,-35.0,1.037967562762632,0.0016525512874412806,15.723769136563972,14.80641063619859,16.65219152301839,10.718758408795066
348,14.47108345593297,14.222914175528084,0.002,-35.0,1.0379675627626315,0.0016524822692006687,15.768820036985348,14.77538653348506,16.64908565142984,10.69104160183163
349,14.515768854774604,14.222914175528084,0.002,-35.0,1.0379675627626315,0.0016530752828988254,15.911744664507594,14.859433592375765,16.573203594429515,10.718693567785541
350,14.440281561755704,14.222914175528084,0.002,-35.0,1.037967562762631,0.00165278840977874,15.861090511433247,14.621802366160452,16.62490841236302,10.653324957066097
351,14.437550182213787,14.222914175528084,0.002,-35.0,1.037967562762632,0.00165288776596811,15.816345920387825,14.676205402145385,16.66218320041298,10.595466205908963
352,14.39363511697983,14.222914175528084,0.002,-35.0,1.0379675627626321,0.0016526958832829553,15.804105803631408,14.439219639576539,16.623759505545475,10.7074555191659
353,14.483163005381773,14.222914175528084,0.002,-35.0,1.0379675627626321,0.0016531409212598323,15.814650967028921,14.820593217233517,16.641977553242388,10.655430284022259
354,14.294628070132749,14.222914175528084,0.002,-35.0,1.037967562762632,0.0016537520774745687,15.712722302686668,14.462872304717425,16.452821239633554,10.550096433493355
355,14.435762895793626,14.222914175528084,0.002,-35.0,1.0379675627626317,0.0016526516887563404,15.712756046977997,14.78427645718549,16.721989167368886,10.524029911642131
356,14.41504294368152,14.222914175528084,0.002,-35.0,1.037967562762632,0.0016535812337758193,15.87545606029548,14.704766684070389,16.51762654111774,10.56232248924248
357,14.328633947352593,14.222914175528084,0.002,-35.0,1.0379675627626315,0.001652742329905358,15.948557042600656,14.757911759969382,16.272349283716153,10.335717703124185
358,14.428148799612764,14.222914175528084,0.002,-35.0,1.0379675627626324,0.001653137221441581,15.887185367104482,14.627052060768413,16.584214230701864,10.614143539876297
359,14.245963830466225,14.222914175528084,0.002,-35.0,1.0379675627626317,0.0016526748188819681,15.590720740197584,14.506601631760661,16.4722351426458,10.414297807260859
360,14.396957679140833,14.222914175528084,0.002,-35.0,1.0379675627626312,0.0016529863523397272,15.7099125974612,14.777585703686801,16.59451005165334,10.50582236376199
361,14.516583910101152,14.222914175528084,0.002,-35.0,1.037967562762632,0.001652805107334176,16.011049326064747,14.785129659385074,16.607968030786594,10.662188624168197
362,14.340358684553832,14.222914175528084,0.002,-35.0,1.0379675627626317,0.001653460181441705,15.658125141203318,14.502595869245834,16.629033977654156,10.571679750112017
363,14.40894993099616,14.222914175528084,0.002,-35.0,1.0379675627626312,0.0016529859941975663,15.705201228676582,14.7049012478583,16.58047244302307,10.64522480442669
364,14.413495389515806,14.222914175528084,0.002,-35.0,1.0379675627626312,0.001652817683757754,15.860606210937064,14.711822051876695,16.5573807621564,10.524172533093063
365,14.395801376582588,14.222914175528084,0.002,-35.0,1.0379675627626324,0.001653737055297559,15.862463826025614,14.645433610182268,16.651723312717483,10.423584757404988
366,14.433580829027463,14.222914175528084,0.002,-35.0,1.0379675627626308,0.0016534026615186265,15.854170892149403,14.685799283917758,16.629363381050553,10.564989758992137
367,14.452943231859264,14.222914175528084,0.002,-35.0,1.0379675627626312,0.0016527224844947973,15.75761769977228,14.89497312125386,16.474423412483965,10.684758693926947
368,14.404945409756461,14.222914175528084,0.002,-35.0,1.037967562762631,0.0016532915292525687,15.718377832480696,14.837046860848975,16.47195806237186,10.592398883324313
369,14.494500928994984,14.222914175528084,0.002,-35.0,1.037967562762631,0.0016534660359613924,15.927451694262015,14.728414022701035,16.623754107997378,10.698383891019509
370,14.384295896440088,14.222914175528084,0.002,-35.0,1.0379675627626315,0.0016538038337211066,15.777811209751485,14.594371940640833,16.621344153588804,10.543656281779226
371,14.455137032207974,14.222914175528084,0.002,-35.0,1.0379675627626312,0.001653364312242318,15.785124876204087,14.849930047697681,16.4719356059518,10.713557598978326
372,14.430292463740901,14.222914175528084,0.002,-35.0,1.037967562762632,0.0016530972073412068,15.81054264200854,14.725485457811274,16.58026582363163,10.604875931512154
373,14.363446718491318,14.222914175528084,0.002,-35.0,1.0379675627626315,0.001652617249923544,15.82365646536336,14.757706170827035,16.36502954540687,10.507394692368008
374,14.338838378463812,14.222914175528084,0.002,-35.0,1.0379675627626317,0.0016530259433512517,15.765001617362621,14.413834978785522,16.596953094313097,10.579563823394013
375,14.445784665871466,14.222914175528084,0.002,-35.0,1.0379675627626317,0.001653016576789804,15.906537781836732,14.799916375472737,16.60394239675158,10.472742109424813
376,14.323186500605573,14.222914175528084,0.002,-35.0,1.037967562762632,0.0016522727142495395,15.654576512451484,14.42632754588614,16.685984712437012,10.52585723164766
377,14.401935877860709,14.222914175528084,0.002,-35.0,1.0379675627626321,0.0016525077481928739,15.696413432786084,14.759101900652599,16.518312442401076,10.633915735603072
378,14.440838822888997,14.222914175528084,0.002,-35.0,1.037967562762632,0.0016536183787630415,15.805644459312687,14.571964656441196,16.675383974465188,10.710362201336912
379,14.40507879553628,14.222914175528084,0.002,-35.0,1.0379675627626317,0.0016526860374080415,15.848674481452862,14.495535725779071,16.51360033080304,10.76250464411015
380,14.352288419511567,14.222914175528084,0.002,-35.0,1.0379675627626321,0.0016532048205519453,15.78514506236574,14.589771988793283,16.335640766773814,10.69859586011343
381,14.311107777571493,14.222914175528084,0.002,-35.0,1.0379675627626317,0.0016533114437959375,15.792790056842554,14.440875310233109,16.520932148431573,10.489833594778737
382,14.325771646311308,14.222914175528084,0.002,-35.0,1.0379675627626315,0.0016527523084813407,15.770197864453282,14.516959078717866,16.420055323552884,10.595874318521206
383,14.47572844086865,14.222914175528084,0.002,-35.0,1.0379675627626315,0.0016532951036127806,15.868340375425653,14.95653870909128,16.614888817876245,10.463145861081422
384,14.34764080402193,14.222914175528084,0.002,-35.0,1.0379675627626317,0.0016533560457058798,15.722435287425045,14.519818210363173,16.575416019024114,10.57289369927539
385,14.463636692647722,14.222914175528084,0.002,-35.0,1.0379675627626315,0.0016531107984420013,15.688989892524516,14.958468885819322,16.56498353902887,10.642104453218177
386,14.320846979110268,14.222914175528084,0.002,-35.0,1.0379675627626312,0.0016534392978262169,15.723109838227176,14.739445809532162,16.357959344466952,10.46287292421478
387,14.410476213453467,14.222914175528084,0.002,-35.0,1.0379675627626321,0.0016531383994259571,15.712317567504117,14.938130184184963,16.433428962062397,10.55802814006239
388,14.52885582714424,14.222914175528084,0.002,-35.0,1.037967562762632,0.001652893875153278,15.746360554160935,15.077359613241294,16.568189147341638,10.723513993833087
389,14.398057491612873,14.222914175528084,0.002,-35.0,1.0379675627626315,0.0016529084214460274,15.758800070204906,14.574195296705692,16.65771812952295,10.601516470017941
390,14.423952336813144,14.222914175528084,0.002,-35.0,1.0379675627626312,0.0016528799152011164,15.789830542636476,14.65769946878536,16.689286299575272,10.558993036255472
391,14.509421048604445,14.222914175528084,0.002,-35.0,1.0379675627626315,0.0016527387985827069,15.87356282981915,14.84986932974168,16.592087407981076,10.722164626875877
392,14.501739834996542,14.222914175528084,0.002,-35.0,1.037967562762632,0.001653461937564761,15.829122326421528,14.950282953446617,16.586596437314206,10.640957622803821
393,14.39461930647467,14.222914175528084,0.002,-35.0,1.0379675627626324,0.001652402408415204,15.632057078534828,14.777331998209009,16.64425277985733,10.524835369297517
394,14.384277560292263,14.222914175528084,0.002,-35.0,1.0379675627626321,0.001653402864719281,15.770343946817155,14.441172139386303,16.72838669621988,10.597207458745714
395,14.453253613700952,14.222914175528084,0.002,-35.0,1.037967562762631,0.0016525766610092176,15.86429401574481,14.638342717869614,16.568882215861418,10.741495505327963
396,14.371008728054587,14.222914175528084,0.002,-35.0,1.0379675627626315,0.0016535467164419085,15.593624004261954,14.60748917496436,16.73214097458884,10.55078075840319
397,14.415481601270507,14.222914175528084,0.002,-35.0,1.0379675627626315,0.0016531024384656128,15.751692308297411,14.558100299385016,16.693021072687024,10.659112724712577
398,14.398148001760637,14.222914175528084,0.002,-35.0,1.037967562762632,0.0016531343029764587,15.804461345101602,14.641309209378136,16.575400783664552,10.571420668898263
399,14.388998940202864,14.222914175528084,0.002,-35.0,1.037967562762632,0.0016530230697198002,15.837091862887952,14.81080364360623,16.394348903616468,10.513751350700808
400,14.351204261410013,14.222914175528084,0.002,-35.0,1.0379675627626317,0.0016537948854478358,15.783545926950444,14.462762503866408,16.53998367564796,10.618524939175238
401,14.365790218811224,14.222914175528084,0.002,-35.0,1.0379675627626317,0.00165338828531109,15.83058254805545,14.511684717702332,16.54376163902198,10.577131970465128
402,14.416924217806871,14.222914175528084,0.002,-35.0,1.0379675627626315,0.0016526096431818073,15.789442948386966,14.647843895668672,16.56185057787263,10.668559449299218
403,14.41289621636555,14.222914175528084,0.002,-35.0,1.0379675627626321,0.0016531531644946211,15.780892925775559,14.586746409930623,16.608933921457336,10.675011608298686
404,14.349048292691645,14.222914175528084,0.002,-35.0,1.0379675627626308,0.0016531335386655375,15.765723841586233,14.695728133905996,16.42146529307229,10.513275902202054
405,14.350350438543256,14.222914175528084,0.002,-35.0,1.0379675627626315,0.0016531971948485526,15.705050448074726,14.482869816028494,16.588574807331238,10.624906682738573
406,14.3912532461141,14.222914175528084,0.002,-35.0,1.037967562762632,0.0016531688233801024,15.857707790058587,14.513280962273535,16.542542855554565,10.651481376569713
407,14.390979714370479,14.222914175528084,0.002,-35.0,1.0379675627626315,0.0016532008948113737,15.741770353016236,14.552431178278267,16.691393084754072,10.578324241433343
408,14.475522906787951,14.222914175528084,0.002,-35.0,1.0379675627626317,0.0016530183365217669,15.827399234472379,14.882137659067991,16.54650835333236,10.646046380279078
409,14.266977941182084,14.222914175528084,0.002,-35.0,1.0379675627626315,0.0016535119419162278,15.72612315259348,14.37398965345167,16.466835180996323,10.500963777686867
410,14.298780820968151,14.222914175528084,0.002,-35.0,1.0379675627626321,0.0016530701616428848,15.73433673502654,14.417335024913353,16.587190160970554,10.45626136296215
411,14.443702900546153,14.222914175528084,0.002,-35.0,1.0379675627626321,0.0016523577324812086,15.803288687782057,14.625296106224505,16.678620773427795,10.667606034750259
412,14.38660312712629,14.222914175528084,0.002,-35.0,1.0379675627626312,0.0016528539245514924,15.782865685842678,14.754074275540663,16.626268357101345,10.383204190020479
413,14.345006421026467,14.222914175528084,0.002,-35.0,1.037967562762632,0.001653490760056124,15.666106313874046,14.750906735675743,16.298387577903767,10.664625056652314
414,14.444303738749147,14.222914175528084,0.002,-35.0,1.037967562762632,0.0016532059041398743,15.911875223234704,14.428156370753674,16.666172195233642,10.771011165774569
415,14.286578556876801,14.222914175528084,0.002,-35.0,1.0379675627626321,0.0016530008241095848,15.737548033907554,14.34412684375999,16.5075356664511,10.557103683388558
416,14.387111557409254,14.222914175528084,0.002,-35.0,1.0379675627626315,0.001653126753611324,15.626693862078874,14.549557424530008,16.66699199682684,10.705202946201291
417,14.462161981933235,14.222914175528084,0.002,-35.0,1.037967562762631,0.0016526467378063761,15.766192725892862,14.801752555500943,16.61233093937969,10.66837170695945
418,14.542689775707116,14.222914175528084,0.002,-35.0,1.037967562762631,0.0016533835886498856,15.97139649781214,14.765927020963664,16.70814575903568,10.725289825016981
419,14.395022121786099,14.222914175528084,0.002,-35.0,1.0379675627626324,0.0016531109997483858,15.844140955700798,14.774311621182541,16.374570255076396,10.587065655184656
420,14.522003638917214,14.222914175528084,0.002,-35.0,1.037967562762632,0.001652523434635943,15.912173094545732,14.85404664140135,16.746171880200556,10.57562293952122
421,14.430832409842624,14.222914175528084,0.002,-35.0,1.0379675627626324,0.0016531134136471798,15.760928105799954,14.636733062074446,16.6489733771733,10.6766950943228
422,14.477270408679008,14.222914175528084,0.002,-35.0,1.037967562762632,0.0016535917004812418,15.748769574451348,14.891747717729858,16.624467390924703,10.644096951610122
423,14.414974853626582,14.222914175528084,0.002,-35.0,1.0379675627626315,0.0016533022536282893,15.813223321026593,14.501764940470107,16.72442094394512,10.620490209064503
424,14.382806780428812,14.222914175528084,0.002,-35.0,1.0379675627626317,0.001652896957171818,15.848958417609257,14.79110899670579,16.385399090398924,10.505760617001268
425,14.338693315459274,14.222914175528084,0.002,-35.0,1.0379675627626317,0.0016528834619569924,15.816545575967128,14.43440566051806,16.638553718389826,10.465268306962086
426,14.40087848296994,14.222914175528084,0.002,-35.0,1.0379675627626324,0.001653777904255835,15.795930104044931,14.736493270255915,16.438187573135284,10.632902984443636
427,14.402157748121441,14.222914175528084,0.002,-35.0,1.0379675627626312,0.0016528322733572987,15.869428789335439,14.783733895974718,16.482490192801414,10.472978114374193
428,14.531157669667046,14.222914175528084,0.002,-35.0,1.0379675627626317,0.0016528960375948774,15.864286282820721,14.905547768193877,16.675356141342853,10.679440486310735
429,14.405339195384999,14.222914175528084,0.002,-35.0,1.0379675627626317,0.0016531641731709421,15.706794241197674,14.577252267051698,16.729688600429625,10.607621672860994
430,14.373557521607324,14.222914175528084,0.002,-35.0,1.0379675627626312,0.0016530184742766705,15.598005485280126,14.566070479717041,16.689427112861733,10.64072700857039
431,14.321328457307285,14.222914175528084,0.002,-35.0,1.037967562762632,0.0016527928614202406,15.62622100899044,14.644667414813563,16.379416135808913,10.635009269616216
432,14.479722298205665,14.222914175528084,0.002,-35.0,1.0379675627626321,0.0016525097518299637,15.90868650862761,14.636754573210464,16.703593385638754,10.669854725345829
433,14.438395016164163,14.222914175528084,0.002,-35.0,1.037967562762632,0.0016526774369824639,15.9032709608519,14.652900528710195,16.66050844891398,10.536900126180578
434,14.409429675240805,14.222914175528084,0.002,-35.0,1.0379675627626317,0.001652514402509671,15.739561870532759,14.694174461038394,16.660650676361954,10.543331693030108
435,14.400052713480187,14.222914175528084,0.002,-35.0,1.0379675627626315,0.0016534458383342494,15.887177366030171,14.509286243370717,16.58562793716746,10.618119307352401
436,14.498218098038008,14.222914175528084,0.002,-35.0,1.0379675627626312,0.001653805165608405,15.750861294130818,14.985934579307132,16.647127564222757,10.608948954491327
437,14.413304355457662,14.222914175528084,0.002,-35.0,1.037967562762632,0.0016531067958876012,15.839203804938656,14.470585788063294,16.701492006445935,10.64193582238276
438,14.379617137480784,14.222914175528084,0.002,-35.0,1.037967562762632,0.001652558638957092,15.804561723376624,14.50146159157153,16.531222237432893,10.681222997542084
439,14.4203382248742,14.222914175528084,0.002,-35.0,1.037967562762631,0.0016528367830781648,15.687557037887792,14.698289690817026,16.724178484206682,10.571327686585299
440,14.339382484723142,14.222914175528084,0.002,-35.0,1.0379675627626315,0.0016530126464193145,15.684284283912744,14.40047369716025,16.660508123884355,10.612263833935216
441,14.421549825088773,14.222914175528084,0.002,-35.0,1.0379675627626315,0.001653572035878455,15.859304145491102,14.483652670393873,16.602950935348087,10.740291549122029
442,14.412519679248764,14.222914175528084,0.002,-35.0,1.0379675627626315,0.0016528915469218545,15.758550453931976,14.729163421289108,16.644222331131733,10.518142510642232
443,14.400190066512295,14.222914175528084,0.002,-35.0,1.0379675627626312,0.0016523402687336492,15.653315682676588,14.843470753457458,16.530521645110724,10.573452184804408
444,14.458169384186526,14.222914175528084,0.002,-35.0,1.0379675627626315,0.001654128668932899,15.850964494986531,14.614359209507583,16.714702851916506,10.65265098033548
445,14.311867643939038,14.222914175528084,0.002,-35.0,1.0379675627626315,0.0016529843451938227,15.771062478616459,14.391949393344312,16.44310806913806,10.641350634657329
446,14.305218650970295,14.222914175528084,0.002,-35.0,1.0379675627626321,0.0016533997557138785,15.804448242474995,14.71721053037567,16.294616433781684,10.40459939724883
447,14.318025439689556,14.222914175528084,0.002,-35.0,1.0379675627626324,0.0016529155266743875,15.71301949765422,14.46054925441699,16.530333393018644,10.56819961366837
448,14.373748419607006,14.222914175528084,0.002,-35.0,1.0379675627626308,0.001652959161864643,15.863443384464194,14.728035849400408,16.454702007739165,10.448812436824255
449,14.405096700674985,14.222914175528084,0.002,-35.0,1.0379675627626317,0.0016525207750256402,15.633409084226024,14.64461837816599,16.657173005557375,10.685186334750558
450,14.496145114400472,14.222914175528084,0.002,-35.0,1.037967562762631,0.0016534330808925057,15.828403251956699,14.869448151174854,16.60247469470893,10.684254359761404
451,14.381105158899736,14.222914175528084,0.002,-35.0,1.0379675627626312,0.001653043642464758,15.763562325701054,14.60316749413104,16.605566472798003,10.552124342968842
452,14.352478810620688,14.222914175528084,0.002,-35.0,1.037967562762632,0.001653242558609774,15.699358779743942,14.479586550801173,16.662517665203083,10.568452246734555
453,14.423752354020232,14.222914175528084,0.002,-35.0,1.0379675627626321,0.0016530517718031698,15.935248434106873,14.391533608937962,16.62491270145113,10.743314671584963
454,14.514379667969962,14.222914175528084,0.002,-35.0,1.0379675627626315,0.0016527281739183418,15.950990205988628,14.78473915161462,16.663716754288657,10.658072559987946
455,14.39330350415959,14.222914175528084,0.002,-35.0,1.0379675627626312,0.0016531176568202746,15.825252311861677,14.498507252716264,16.549647851837726,10.699806600222693
456,14.493772535701455,14.222914175528084,0.002,-35.0,1.037967562762632,0.0016533979908079114,15.842389304285767,14.729673870070203,16.691871885232363,10.711155083217482
457,14.477874692872025,14.222914175528084,0.002,-35.0,1.0379675627626321,0.0016530945415596076,15.946462795585079,14.7144268777007,16.621077102084794,10.629531996117517
458,14.441766674598272,14.222914175528084,0.002,-35.0,1.037967562762632,0.0016526690547298273,15.941460281249551,14.794882343927164,16.507335803130402,10.523388270085968
459,14.4241440553244,14.222914175528084,0.002,-35.0,1.0379675627626317,0.0016532743084349318,15.845970348520881,14.673362986396805,16.638392934974206,10.538849951405702
460,14.459739432320895,14.222914175528084,0.002,-35.0,1.0379675627626317,0.0016534942742796003,15.740043471358875,14.755287349662975,16.615179673758217,10.728447234503504
461,14.467545278901268,14.222914175528084,0.002,-35.0,1.0379675627626321,0.0016533150620600375,15.876138680154556,14.762641571878289,16.62938233511192,10.602018528460306
462,14.315207176671558,14.222914175528084,0.002,-35.0,1.0379675627626315,0.0016532938684911244,15.838471863586634,14.27435153744203,16.558100746187776,10.589904559469792
463,14.304563756269193,14.222914175528084,0.002,-35.0,1.0379675627626317,0.0016532908721663814,15.698816223927539,14.539131844833785,16.441554317014827,10.538752639300629
464,14.456100047802703,14.222914175528084,0.002,-35.0,1.0379675627626317,0.0016528599186684495,15.825459804853388,14.800167528148059,16.559938581155045,10.638834277054318
465,14.420226386710194,14.222914175528084,0.002,-35.0,1.0379675627626312,0.0016534414237823728,15.831136866564863,14.734503912506378,16.670446550187755,10.444818217581787
466,14.422533713814897,14.222914175528084,0.002,-35.0,1.037967562762631,0.0016532117968131525,15.786191201477255,14.665746011943567,16.64584057746819,10.592357064370573
467,14.47649074943608,14.222914175528084,0.002,-35.0,1.0379675627626312,0.001652974292480734,15.892311437307349,14.915653997687832,16.59732592951903,10.500671633230104
468,14.449604539863797,14.222914175528084,0.002,-35.0,1.0379675627626312,0.0016526367453075042,15.902652976915322,14.547194420062914,16.745056609283854,10.603514153193096
469,14.32013462794129,14.222914175528084,0.002,-35.0,1.0379675627626312,0.001653304234309814,15.753548027365854,14.63676861951008,16.468767359826202,10.421454505063023
470,14.516521112967851,14.222914175528084,0.002,-35.0,1.0379675627626317,0.0016524085404259576,15.893932860070885,14.876385758694962,16.6227927093073,10.672973123798261
471,14.420800982143032,14.222914175528084,0.002,-35.0,1.037967562762632,0.0016536244868032139,15.796845745190295,14.628610975104671,16.58425583830872,10.673491369968438
472,14.48952023058196,14.222914175528084,0.002,-35.0,1.037967562762631,0.001652900390171131,15.89308281353221,14.829982664248348,16.62349348949374,10.611521955053538
473,14.396021537354375,14.222914175528084,0.002,-35.0,1.0379675627626315,0.0016527859808736435,15.918545848122514,14.536167352440154,16.683793505015473,10.44557944383936
474,14.432563238770864,14.222914175528084,0.002,-35.0,1.0379675627626312,0.0016533005561598126,15.856089259888636,14.667857120570268,16.585009169276308,10.621297405348244
475,14.427335106768146,14.222914175528084,0.002,-35.0,1.0379675627626317,0.0016526000719058358,15.816546423126885,14.808626632986517,16.42105001504276,10.663117355916418
476,14.423533404686092,14.222914175528084,0.002,-35.0,1.037967562762632,0.0016524004627474216,15.672079510662407,14.774323266696829,16.72169321810071,10.526037623284415
477,14.455667352871433,14.222914175528084,0.002,-35.0,1.0379675627626317,0.0016526559503624823,15.841743347829242,14.753814443719484,16.485490607867934,10.741621012069073
478,14.400613235477861,14.222914175528084,0.002,-35.0,1.0379675627626315,0.0016525393234604262,15.8298243309181,14.658982628283942,16.49481365474192,10.618832327967477
479,14.370296327823999,14.222914175528084,0.002,-35.0,1.0379675627626312,0.0016527272127180382,15.819820176578355,14.430433209482548,16.515677704657804,10.715254220577288
480,14.51534351481534,14.222914175528084,0.002,-35.0,1.0379675627626317,0.0016527162580632592,15.820542418925164,15.035705793570031,16.631537178498867,10.573588668267297
481,14.35754492580103,14.222914175528084,0.002,-35.0,1.0379675627626315,0.0016531258233365691,15.875995773864327,14.602167561196028,16.34772591221467,10.604290455929085
482,14.364715183236857,14.222914175528084,0.002,-35.0,1.037967562762632,0.0016527059342920818,15.736765881311882,14.54376543426815,16.64368827769279,10.534641139674601
483,14.492505278814445,14.222914175528084,0.002,-35.0,1.0379675627626312,0.0016531311396156846,15.899351797670098,14.678394468392653,16.697576524729552,10.694698324465476
484,14.369864879144522,14.222914175528084,0.002,-35.0,1.0379675627626321,0.0016535335613285659,15.858641997240312,14.440162127216668,16.642210492160338,10.538444899960774
485,14.421067260759097,14.222914175528084,0.002,-35.0,1.0379675627626317,0.0016533434748268315,15.768925993591376,14.838229119132027,16.524593789463275,10.552520140849708
486,14.442024641359694,14.222914175528084,0.002,-35.0,1.0379675627626317,0.0016526882751770001,15.638203154991842,14.696455705692673,16.646951573788225,10.786488130966038
487,14.43821381289688,14.222914175528084,0.002,-35.0,1.037967562762632,0.0016535975947257302,15.6206001391783,14.806830802788145,16.65452379620837,10.670900513412708
488,14.30560220827098,14.222914175528084,0.002,-35.0,1.0379675627626315,0.0016531911530517141,15.70759087623966,14.566742754497652,16.390391376135796,10.55768382621081
489,14.436648690518128,14.222914175528084,0.002,-35.0,1.0379675627626324,0.0016537507951303546,15.842664583694942,14.796586744817803,16.54217025352751,10.565173180032254
490,14.363222184948146,14.222914175528084,0.002,-35.0,1.0379675627626315,0.0016531384727136655,15.938792032049147,14.378242527906705,16.628467461386386,10.507386718450345
491,14.422127772997996,14.222914175528084,0.002,-35.0,1.0379675627626317,0.00165257531406441,15.893312484932496,14.678433250694583,16.503573902786567,10.613191453578334
492,14.461806094477986,14.222914175528084,0.002,-35.0,1.0379675627626315,0.0016529833847614493,15.885296140986249,14.734675307875769,16.60043414653747,10.62681878251246
493,14.456012119399237,14.222914175528084,0.002,-35.0,1.0379675627626321,0.00165347114470873,15.932835730362592,14.642416819452402,16.617083374277886,10.63171255350407
494,14.410073014840016,14.222914175528084,0.002,-35.0,1.0379675627626321,0.0016529079167160157,15.726921539724184,14.753517252085656,16.715223834667928,10.444629432882298
495,14.371459666159941,14.222914175528084,0.002,-35.0,1.0379675627626317,0.001653594052507356,15.86461904866246,14.53283651595687,16.518308377089156,10.57007472293128
496,14.262488089602721,14.222914175528084,0.002,-35.0,1.0379675627626312,0.0016528604329418715,15.745233539699315,14.667736043713827,16.066405719282862,10.570577055714878
497,14.37379560729565,14.222914175528084,0.002,-35.0,1.0379675627626312,0.0016532923685239386,15.79392428047714,14.741889443944737,16.397421787541802,10.56194691721892
498,14.318575010884267,14.222914175528084,0.002,-35.0,1.0379675627626312,0.0016530461273066381,15.698514423265156,14.438863083151443,16.577434972326017,10.559487564794454
499,14.47432833202688,14.222914175528084,0.002,-35.0,1.037967562762632,0.0016530436413356954,15.821938812991695,14.833952626468117,16.582329205676263,10.659092682971446
